<?xml version="1.0" encoding="UTF-8"?>
<beans xmlns="http://www.springframework.org/schema/beans"
	xmlns:xsi="http://www.w3.org/2001/XMLSchema-instance" 
	xmlns:p="http://www.springframework.org/schema/p"
	xmlns:aop="http://www.springframework.org/schema/aop"
	xmlns:context="http://www.springframework.org/schema/context"
	xmlns:cache="http://www.springframework.org/schema/cache"
	xmlns:tx="http://www.springframework.org/schema/tx"
	xmlns:jpa="http://www.springframework.org/schema/data/jpa"
	xsi:schemaLocation="http://www.springframework.org/schema/beans 
	http://www.springframework.org/schema/beans/spring-beans-3.1.xsd 
	http://www.springframework.org/schema/data/jpa http://www.springframework.org/schema/data/jpa/spring-jpa.xsd
	http://www.springframework.org/schema/context http://www.springframework.org/schema/context/spring-context.xsd
	http://www.springframework.org/schema/aop http://www.springframework.org/schema/aop/spring-aop-4.0.xsd
	http://www.springframework.org/schema/tx http://www.springframework.org/schema/tx/spring-tx.xsd
	http://www.springframework.org/schema/cache http://www.springframework.org/schema/cache/spring-cache-4.2.xsd"
	>

	<!-- 启用注解 -->
	<context:annotation-config  />
	
	<!-- 启动组件扫描，排除@Controller组件 -->
	<context:component-scan base-package="com.itshidu" >
		<context:exclude-filter type="annotation" expression="org.springframework.stereotype.Controller" />
	</context:component-scan>
	
	<context:property-placeholder location="classpath:resource/*.properties" ignore-unresolvable="true"/>
	
	<bean id="dataSource" class="com.alibaba.druid.pool.DruidDataSource"
		destroy-method="close">
		<!-- 数据库基本信息配置 -->
		<property name="url" value="${druid.jdbc.url}" />
		<property name="username" value="${druid.jdbc.username}" />
		<property name="password" value="${druid.jdbc.password}" />
		<property name="driverClassName" value="${druid.jdbc.driver}" />
		<property name="filters" value="${druid.filters}" />
		<!-- 最大并发连接数 -->
		<property name="maxActive" value="${druid.maxActive}" />
		<!-- 初始化连接数量 -->
		<property name="initialSize" value="${druid.initialSize}" />
		<!-- 配置获取连接等待超时的时间 -->
		<property name="maxWait" value="${druid.maxWait}" />
		<!-- 最小空闲连接数 -->
		<property name="minIdle" value="${druid.minIdle}" />
		<!-- 配置间隔多久才进行一次检测，检测需要关闭的空闲连接，单位是毫秒 -->
		<property name="timeBetweenEvictionRunsMillis" value="${druid.timeBetweenEvictionRunsMillis}" />
		<!-- 配置一个连接在池中最小生存的时间，单位是毫秒 -->
		<property name="minEvictableIdleTimeMillis" value="${druid.minEvictableIdleTimeMillis}" />
		<property name="validationQuery" value="${druid.validationQuery}" />
		<property name="testWhileIdle" value="${druid.testWhileIdle}" />
		<property name="testOnBorrow" value="${druid.testOnBorrow}" />
		<property name="testOnReturn" value="${druid.testOnReturn}" />
		<property name="maxOpenPreparedStatements" value="${druid.maxOpenPreparedStatements}" />
		<!-- 打开removeAbandoned功能 -->
		<property name="removeAbandoned" value="${druid.removeAbandoned}" />
		<!-- 1800秒，也就是30分钟 -->
		<property name="removeAbandonedTimeout" value="${druid.removeAbandonedTimeout}" />
		<!-- 关闭abanded连接时输出错误日志 -->
		<property name="logAbandoned" value="${druid.logAbandoned}" />
	</bean>
	
	
	<!-- freemarker的配置 -->
	<bean id="freemarkerConfigurer"
		class="org.springframework.web.servlet.view.freemarker.FreeMarkerConfigurer">
		<property name="templateLoaderPath" value="classpath:/templates" />
		<property name="defaultEncoding" value="UTF-8" />
		<property name="freemarkerSettings">
			<props>
				<prop key="template_update_delay">10</prop>
				<prop key="locale">zh_CN</prop>
				<prop key="datetime_format">yyyy-MM-dd HH:mm:ss</prop>
				<prop key="date_format">yyyy-MM-dd</prop>
				<prop key="number_format">#.##</prop>
			</props>
		</property>
	</bean> 
	
	
	
	
	<bean id="entityManagerFactory" class="org.springframework.orm.jpa.LocalContainerEntityManagerFactoryBean">
		<property name="dataSource" ref="dataSource" />
		<property name="packagesToScan" value="com.**.entity."></property>
		<property name="jpaVendorAdapter">
            <bean class="org.springframework.orm.jpa.vendor.HibernateJpaVendorAdapter">
                <property name="generateDdl" value="true" />
                <property name="database" value="MYSQL" />
                <property name="databasePlatform" value="org.hibernate.dialect.MySQL5InnoDBDialect" />
                <property name="showSql" value="true" />
            </bean>
        </property>
        <property name="jpaDialect">
            <bean class="org.springframework.orm.jpa.vendor.HibernateJpaDialect" />
        </property>
        <property name="jpaPropertyMap">
            <map>
                <entry key="hibernate.query.substitutions" value="true 1, false 0" />
                <entry key="hibernate.default_batch_fetch_size" value="16" />
                <entry key="hibernate.max_fetch_depth" value="2" />
                <entry key="hibernate.generate_statistics" value="true" />
                <entry key="hibernate.bytecode.use_reflection_optimizer" value="true" />
                <entry key="hibernate.cache.use_second_level_cache" value="false" />
                <entry key="hibernate.cache.use_query_cache" value="false" />
            </map>
        </property>
	</bean> 
	<jpa:repositories base-package="**.dao"
    		transaction-manager-ref="transactionManager"
			entity-manager-factory-ref="entityManagerFactory"  />
	
	<!-- 事务管理器 -->
	<bean id="transactionManager" class="org.springframework.orm.jpa.JpaTransactionManager"> 
		<property name="entityManagerFactory" ref="entityManagerFactory"/> 
	</bean>
    <tx:annotation-driven transaction-manager="transactionManager" />
    <!-- 声明式事务处理 -->
    <tx:advice id="txAdvice" transaction-manager="transactionManager">
	    <tx:attributes>
		    <tx:method name="save*" propagation="REQUIRED" read-only="false" rollback-for="java.lang.Exception" /> 
		    <tx:method name="update*" propagation="REQUIRED"/>
		    <tx:method name="delete*" propagation="REQUIRED"/>
		    <tx:method name="register*" propagation="REQUIRED"/>
		    <tx:method name="find*" propagation="SUPPORTS"/>
		    <tx:method name="get*" propagation="SUPPORTS"/>
		    <tx:method name="select*" propagation="SUPPORTS"/>
	    </tx:attributes>
	</tx:advice>
    <aop:config>
	    <aop:pointcut id="txPointcut" expression="execution(public * com..service..*.*(..))" /> 
	    <aop:advisor pointcut-ref="txPointcut" advice-ref="txAdvice" />
	</aop:config>
    
	<import resource="spring-redis.xml"/>
</beans>