<?xml version="1.0" encoding="UTF-8"?>
<beans xmlns="http://www.springframework.org/schema/beans"
	xmlns:xsi="http://www.w3.org/2001/XMLSchema-instance" xmlns:p="http://www.springframework.org/schema/p"
	xmlns:context="http://www.springframework.org/schema/context"
	xmlns:mvc="http://www.springframework.org/schema/mvc"
	xsi:schemaLocation="http://www.springframework.org/schema/beans
      http://www.springframework.org/schema/beans/spring-beans.xsd 
      http://www.springframework.org/schema/context
      http://www.springframework.org/schema/context/spring-context.xsd 
      http://www.springframework.org/schema/mvc
      http://www.springframework.org/schema/mvc/spring-mvc.xsd">

	<!-- 哪些包需要扫描 -->
	<context:component-scan base-package="com.itshidu" >
		<context:exclude-filter type="annotation" expression="org.springframework.stereotype.Service"/>
	</context:component-scan>
	
	<!-- 启用注解 -->
	<context:annotation-config />
	
	<bean id="conversionService" class="org.springframework.format.support.FormattingConversionServiceFactoryBean" >
		<property name="converters">
			<list>
				<bean class="com.itshidu.web.util.DateConverter" >
					<property name="patterns" >
						<list>
							<value>yyyy.MM.dd</value>
							<value>yyyy-MM-dd</value>
							<value>yyyy-MM-dd hh:mm:ss</value>
							<value>yyyy/MM/dd hh:mm:ss</value>
							<value>yyyy年MM月dd日 hh:mm:ss</value>
							<value>yyyy年MM月dd日</value>
							<value>MM/dd/yyyy</value>
						</list>
					</property>
				</bean>
			</list>
		</property>
	</bean>
	<mvc:annotation-driven conversion-service="conversionService" >
		<mvc:message-converters register-defaults="true">
			<bean class="org.springframework.http.converter.StringHttpMessageConverter">
				<constructor-arg value="UTF-8"></constructor-arg>
				<!-- <property name="supportedMediaTypes">
					<list>
						<value>text/html;charset=UTF-8</value>
					</list>
				</property> -->
			</bean>
		</mvc:message-converters>
	</mvc:annotation-driven>
	<!-- 静态资源映射，可以配置多行 -->
	<mvc:resources mapping="/res/**" location="classpath:/static/" />
	<mvc:resources mapping="/js/**" location="classpath:/static/js/" />
	<mvc:resources mapping="/css/**" location="classpath:/static/css/" />
	<mvc:resources mapping="/images/**" location="classpath:/static/images/" />
	
	<!-- 启用默认的servlet映射，webapp可以直接访问 -->
	<mvc:default-servlet-handler/>
	
	<!-- 视图解析器 -->
	<bean class="org.springframework.web.servlet.view.InternalResourceViewResolver">
		<property name="prefix" value="/WEB-INF/pages/" />
		<property name="suffix" value=".jsp" />
		<property name="order" value="1" />
	</bean>
	<!-- 配置freeMarker视图解析器 -->
    <bean id="viewResolverFtl" class="org.springframework.web.servlet.view.freemarker.FreeMarkerViewResolver">
        <property name="viewClass" value="org.springframework.web.servlet.view.freemarker.FreeMarkerView"/>
        <property name="contentType" value="text/html; charset=UTF-8"/>
        <property name="exposeRequestAttributes" value="true" />
        <property name="exposeSessionAttributes" value="true" />
        <property name="exposeSpringMacroHelpers" value="true" />
        <property name="cache" value="true" />
        <property name="suffix" value=".ftl" />
        <property name="order" value="0"/>
    </bean>
    
    



	<!-- 配置MultipartResolver 用于文件上传 使用spring的CommosMultipartResolver -->
	<bean id="multipartResolver"
		class="org.springframework.web.multipart.commons.CommonsMultipartResolver"
		p:defaultEncoding="UTF-8" p:maxUploadSize="5242880">
	</bean>
	
	
	
	<!-- 
	<bean id="stringConverter"
          class="org.springframework.http.converter.StringHttpMessageConverter">
        <property name="supportedMediaTypes">
            <list>
                <value>text/plain;charset=UTF-8</value>
            </list>
        </property>
    </bean>
    <bean id="jsonConverter" class="org.springframework.http.converter.json.MappingJackson2HttpMessageConverter"></bean>
    <bean class="org.springframework.web.servlet.mvc.annotation.AnnotationMethodHandlerAdapter">
        <property name="messageConverters">
            <list>
                <ref bean="stringConverter" />
                <ref bean="jsonConverter" />
            </list>
        </property>
    </bean>
 -->
	
</beans>