<?xml version="1.0" encoding="UTF-8"?>
<beans xmlns="http://www.springframework.org/schema/beans"
	xmlns:xsi="http://www.w3.org/2001/XMLSchema-instance" xmlns:p="http://www.springframework.org/schema/p"
	xmlns:aop="http://www.springframework.org/schema/aop" xmlns:context="http://www.springframework.org/schema/context"
	xmlns:cache="http://www.springframework.org/schema/cache"
	xsi:schemaLocation="http://www.springframework.org/schema/beans 
	http://www.springframework.org/schema/beans/spring-beans-3.1.xsd 
	http://www.springframework.org/schema/context http://www.springframework.org/schema/context/spring-context.xsd
	http://www.springframework.org/schema/aop http://www.springframework.org/schema/aop/spring-aop-4.0.xsd
	http://www.springframework.org/schema/tx http://www.springframework.org/schema/tx/spring-tx.xsd
	http://www.springframework.org/schema/cache http://www.springframework.org/schema/cache/spring-cache-4.2.xsd"
	xmlns:tx="http://www.springframework.org/schema/tx">

	<context:property-placeholder location="classpath:resource/*.properties" ignore-unresolvable="true"/>
	<!-- 
		JedisPoolConfig config = new JedisPoolConfig();
		config.setMaxTotal(30);
		config.setMaxIdle(10);
		config.setMaxWaitMillis(1500);
		
		JedisPool pool = new JedisPool(config, "127.0.0.1", 6379);
		Jedis client = pool.getResource();
		System.out.println( client.get("name") );
		client.close();
	 -->
	 
	 <bean id="jedisPoolConfig" class="redis.clients.jedis.JedisPoolConfig">
	 	<property name="maxTotal" value="30"></property>
	 	<property name="maxIdle" value="10"></property>
	 	<property name="maxWaitMillis" value="1500"></property>
	 </bean>
	 <bean id="jedisPool" class="redis.clients.jedis.JedisPool">
	 	<constructor-arg ref="jedisPoolConfig"/>
		<constructor-arg value="127.0.0.1"/>
		<constructor-arg value="6379"/>
	 </bean>
</beans>