<?xml version="1.0" encoding="UTF-8" ?>
<!DOCTYPE configuration PUBLIC "-//mybatis.org//DTD Config 3.0//EN" "http://mybatis.org/dtd/mybatis-3-config.dtd">
<configuration>

	<settings>
		<setting name="logImpl" value="STDOUT_LOGGING"/>
	</settings>

	<typeAliases>
		<!-- <typeAlias type="com.itshidu.ssm.entity.Dept" alias="Dept"/>
		<typeAlias type="com.itshidu.ssm.entity.User" alias="User"/> -->
	</typeAliases>
  
<!--
    plugins在配置文件中的位置必须符合要求，否则会报错，顺序如下:
    properties?, settings?,
    typeAliases?, typeHandlers?,
    objectFactory?,objectWrapperFactory?,
    plugins?,
    environments?, databaseIdProvider?, mappers?
-->
<plugins>
    <plugin interceptor="com.github.pagehelper.PageInterceptor">
        <property name="helperDialect" value="mysql"/>
        <property name="reasonable" value="true"/>
        <property name="supportMethodsArguments" value="true"/>
        <property name="params" value="countSql"/>
        <property name="count" value="countSql"/>
        <property name="autoRuntimeDialect" value="true"/>
	</plugin> 
</plugins>


</configuration>