[
	{
		"id": 10,
		"group": 1,
		"title": "Solr快速入门资料",
		"summary": "使用windows学习，效率更高。  启动solr服务： java -jar example/start.jar  访问solr控制台： http://localhost:8983/solr/  切换目录到：solr/example/exampl...",
		"tags": "",
		"authorId": 1,
		"editor": "$!{site_editor}",
		"lastImageId": 0,
		"created": 1536370895000,
		"images": 0,
		"featured": 0,
		"favors": 0,
		"comments": 0,
		"views": 0,
		"status": 0,
		"content": null,
		"albums": null,
		"album": null,
		"author": null,
		"tagsArray": null
	},
	{
		"id": 9,
		"group": 1,
		"title": "allowed-methods",
		"summary": "Struts2.5新加入了一个allowed-methods，用来设置哪些方法可以被访问， &lt;global-allowed-methods&gt;regex:.*&lt;/global-allowed-methods&gt;  八种基本类型...",
		"tags": "",
		"authorId": 1,
		"editor": "$!{site_editor}",
		"lastImageId": 0,
		"created": 1536369850000,
		"images": 0,
		"featured": 0,
		"favors": 0,
		"comments": 0,
		"views": 0,
		"status": 0,
		"content": null,
		"albums": null,
		"album": null,
		"author": null,
		"tagsArray": null
	},
	{
		"id": 8,
		"group": 1,
		"title": "声明式事务处理",
		"summary": "声明式事务处理=我说一下这个地方应该有事务，于是就有了事务 神说，要有光，于是就有了光  要加一段Spring配置进行声明，同时还要配置Hibernate中的current_session_context_class=org.springfram...",
		"tags": "",
		"authorId": 1,
		"editor": "$!{site_editor}",
		"lastImageId": 0,
		"created": 1536369821000,
		"images": 0,
		"featured": 0,
		"favors": 0,
		"comments": 0,
		"views": 0,
		"status": 0,
		"content": null,
		"albums": null,
		"album": null,
		"author": null,
		"tagsArray": null
	},
	{
		"id": 7,
		"group": 1,
		"title": "Struts2与Spring整合",
		"summary": "在引入struts-spring-plugin.jar之后， 所有的action就都已经托管给Spring，所以action里面可以自动装配， Dao与Service的实现类都应该放入Srping容器， 这样Spring才能自动处理action-...",
		"tags": "",
		"authorId": 1,
		"editor": "$!{site_editor}",
		"lastImageId": 0,
		"created": 1536366752000,
		"images": 0,
		"featured": 0,
		"favors": 0,
		"comments": 0,
		"views": 0,
		"status": 0,
		"content": null,
		"albums": null,
		"album": null,
		"author": null,
		"tagsArray": null
	}
]